"","iso_country","day","capacity","country","population"
"1","AT",2020-02-14,164,"Austria","8859000"
"2","AT",2020-02-16,164,"Austria","8859000"
"3","AT",2020-02-19,164,"Austria","8859000"
"4","AT",2020-02-21,164,"Austria","8859000"
"5","AT",2020-02-23,164,"Austria","8859000"
"6","AT",2020-02-24,164,"Austria","8859000"
"7","AT",2020-02-25,164,"Austria","8859000"
"8","AT",2020-02-26,164,"Austria","8859000"
"9","AT",2020-02-28,164,"Austria","8859000"
"10","AT",2020-03-01,164,"Austria","8859000"
"11","AT",2020-03-03,164,"Austria","8859000"
"12","AT",2020-03-04,312,"Austria","8859000"
"13","AT",2020-03-05,164,"Austria","8859000"
"14","AT",2020-03-07,164,"Austria","8859000"
"15","AT",2020-03-09,164,"Austria","8859000"
"16","AT",2020-03-10,164,"Austria","8859000"
"17","AT",2020-03-12,164,"Austria","8859000"
"18","AT",2020-03-13,164,"Austria","8859000"
"19","AT",2020-03-14,164,"Austria","8859000"
"20","AT",2020-03-15,164,"Austria","8859000"
"21","AT",2020-03-16,164,"Austria","8859000"
"22","AT",2020-03-18,164,"Austria","8859000"
"23","AT",2020-03-19,164,"Austria","8859000"
"24","AT",2020-03-20,164,"Austria","8859000"
"25","AT",2020-03-21,164,"Austria","8859000"
"26","AT",2020-03-22,164,"Austria","8859000"
"27","AT",2020-03-23,164,"Austria","8859000"
"28","AT",2020-03-24,164,"Austria","8859000"
"29","AT",2020-03-25,164,"Austria","8859000"
"30","AT",2020-03-26,164,"Austria","8859000"
"31","AT",2020-03-27,164,"Austria","8859000"
"32","AT",2020-03-28,164,"Austria","8859000"
"33","BE",2020-02-01,420,"Belgium","11460000"
"34","BE",2020-02-02,164,"Belgium","11460000"
"35","BE",2020-02-03,381,"Belgium","11460000"
"36","BE",2020-02-05,420,"Belgium","11460000"
"37","BE",2020-02-07,164,"Belgium","11460000"
"38","BE",2020-02-08,420,"Belgium","11460000"
"39","BE",2020-02-09,164,"Belgium","11460000"
"40","BE",2020-02-10,400,"Belgium","11460000"
"41","BE",2020-02-12,381,"Belgium","11460000"
"42","BE",2020-02-14,164,"Belgium","11460000"
"43","BE",2020-02-15,400,"Belgium","11460000"
"44","BE",2020-02-16,164,"Belgium","11460000"
"45","BE",2020-02-17,400,"Belgium","11460000"
"46","BE",2020-02-19,400,"Belgium","11460000"
"47","BE",2020-02-21,164,"Belgium","11460000"
"48","BE",2020-02-22,420,"Belgium","11460000"
"49","BE",2020-02-23,164,"Belgium","11460000"
"50","BE",2020-02-24,400,"Belgium","11460000"
"51","BE",2020-02-26,400,"Belgium","11460000"
"52","BE",2020-02-27,148,"Belgium","11460000"
"53","BE",2020-02-28,164,"Belgium","11460000"
"54","BE",2020-02-29,451,"Belgium","11460000"
"55","BE",2020-03-02,451,"Belgium","11460000"
"56","BE",2020-03-04,420,"Belgium","11460000"
"57","BE",2020-03-07,400,"Belgium","11460000"
"58","BE",2020-03-09,400,"Belgium","11460000"
"59","BE",2020-03-11,400,"Belgium","11460000"
"60","BE",2020-03-14,420,"Belgium","11460000"
"61","BE",2020-03-16,400,"Belgium","11460000"
"62","BE",2020-04-15,189,"Belgium","11460000"
"63","CH",2020-02-01,462,"Switzerland","8570000"
"64","CH",2020-02-02,328,"Switzerland","8570000"
"65","CH",2020-02-03,199,"Switzerland","8570000"
"66","CH",2020-02-05,160,"Switzerland","8570000"
"67","CH",2020-02-07,164,"Switzerland","8570000"
"68","CH",2020-02-08,328,"Switzerland","8570000"
"69","CH",2020-02-09,164,"Switzerland","8570000"
"70","CH",2020-02-10,398,"Switzerland","8570000"
"71","CH",2020-02-13,160,"Switzerland","8570000"
"72","CH",2020-02-14,363,"Switzerland","8570000"
"73","CH",2020-02-15,462,"Switzerland","8570000"
"74","CH",2020-02-16,328,"Switzerland","8570000"
"75","CH",2020-02-19,160,"Switzerland","8570000"
"76","CH",2020-02-20,160,"Switzerland","8570000"
"77","CH",2020-02-21,363,"Switzerland","8570000"
"78","CH",2020-02-22,497,"Switzerland","8570000"
"79","CH",2020-02-23,328,"Switzerland","8570000"
"80","CH",2020-02-24,328,"Switzerland","8570000"
"81","CH",2020-02-27,160,"Switzerland","8570000"
"82","CH",2020-02-28,297,"Switzerland","8570000"
"83","CH",2020-02-29,462,"Switzerland","8570000"
"84","CH",2020-03-01,324,"Switzerland","8570000"
"85","CH",2020-03-05,134,"Switzerland","8570000"
"86","CH",2020-03-06,164,"Switzerland","8570000"
"87","CH",2020-03-07,298,"Switzerland","8570000"
"88","CH",2020-03-08,324,"Switzerland","8570000"
"89","CH",2020-03-12,164,"Switzerland","8570000"
"90","CH",2020-03-13,363,"Switzerland","8570000"
"91","CH",2020-03-14,333,"Switzerland","8570000"
"92","CH",2020-03-15,324,"Switzerland","8570000"
"93","CH",2020-03-16,164,"Switzerland","8570000"
"94","CH",2020-03-19,133,"Switzerland","8570000"
"95","CH",2020-03-20,164,"Switzerland","8570000"
"96","CH",2020-03-27,160,"Switzerland","8570000"
"97","CZ",2020-02-02,164,"Czechia","10690000"
"98","CZ",2020-02-03,164,"Czechia","10690000"
"99","CZ",2020-02-07,164,"Czechia","10690000"
"100","CZ",2020-02-09,164,"Czechia","10690000"
"101","CZ",2020-02-10,164,"Czechia","10690000"
"102","CZ",2020-02-13,164,"Czechia","10690000"
"103","CZ",2020-02-14,164,"Czechia","10690000"
"104","CZ",2020-02-17,164,"Czechia","10690000"
"105","CZ",2020-02-21,164,"Czechia","10690000"
"106","CZ",2020-02-23,164,"Czechia","10690000"
"107","CZ",2020-02-24,164,"Czechia","10690000"
"108","CZ",2020-02-27,164,"Czechia","10690000"
"109","CZ",2020-02-28,164,"Czechia","10690000"
"110","CZ",2020-02-29,164,"Czechia","10690000"
"111","DE",2020-02-01,1054,"Germany","83020000"
"112","DE",2020-02-02,1695,"Germany","83020000"
"113","DE",2020-02-03,1796,"Germany","83020000"
"114","DE",2020-02-04,1443,"Germany","83020000"
"115","DE",2020-02-05,1627,"Germany","83020000"
"116","DE",2020-02-06,1635,"Germany","83020000"
"117","DE",2020-02-07,1855,"Germany","83020000"
"118","DE",2020-02-08,716,"Germany","83020000"
"119","DE",2020-02-09,1432,"Germany","83020000"
"120","DE",2020-02-10,1810,"Germany","83020000"
"121","DE",2020-02-11,1233,"Germany","83020000"
"122","DE",2020-02-12,1627,"Germany","83020000"
"123","DE",2020-02-13,1894,"Germany","83020000"
"124","DE",2020-02-14,1665,"Germany","83020000"
"125","DE",2020-02-15,1288,"Germany","83020000"
"126","DE",2020-02-16,1692,"Germany","83020000"
"127","DE",2020-02-17,1860,"Germany","83020000"
"128","DE",2020-02-18,1347,"Germany","83020000"
"129","DE",2020-02-19,1735,"Germany","83020000"
"130","DE",2020-02-20,1894,"Germany","83020000"
"131","DE",2020-02-21,1980,"Germany","83020000"
"132","DE",2020-02-22,1243,"Germany","83020000"
"133","DE",2020-02-23,1726,"Germany","83020000"
"134","DE",2020-02-24,2011,"Germany","83020000"
"135","DE",2020-02-25,1607,"Germany","83020000"
"136","DE",2020-02-26,1796,"Germany","83020000"
"137","DE",2020-02-27,1894,"Germany","83020000"
"138","DE",2020-02-28,2079,"Germany","83020000"
"139","DE",2020-02-29,1143,"Germany","83020000"
"140","DE",2020-03-01,1597,"Germany","83020000"
"141","DE",2020-03-02,1950,"Germany","83020000"
"142","DE",2020-03-03,1481,"Germany","83020000"
"143","DE",2020-03-04,1667,"Germany","83020000"
"144","DE",2020-03-05,1436,"Germany","83020000"
"145","DE",2020-03-06,1884,"Germany","83020000"
"146","DE",2020-03-07,1307,"Germany","83020000"
"147","DE",2020-03-08,1394,"Germany","83020000"
"148","DE",2020-03-09,1521,"Germany","83020000"
"149","DE",2020-03-10,1307,"Germany","83020000"
"150","DE",2020-03-11,1199,"Germany","83020000"
"151","DE",2020-03-12,1229,"Germany","83020000"
"152","DE",2020-03-13,1685,"Germany","83020000"
"153","DE",2020-03-14,1071,"Germany","83020000"
"154","DE",2020-03-15,1333,"Germany","83020000"
"155","DE",2020-03-16,1655,"Germany","83020000"
"156","DE",2020-03-17,1071,"Germany","83020000"
"157","DE",2020-03-18,1035,"Germany","83020000"
"158","DE",2020-03-19,1169,"Germany","83020000"
"159","DE",2020-03-20,1419,"Germany","83020000"
"160","DE",2020-03-21,816,"Germany","83020000"
"161","DE",2020-03-22,907,"Germany","83020000"
"162","DE",2020-03-23,676,"Germany","83020000"
"163","DE",2020-03-24,651,"Germany","83020000"
"164","DE",2020-03-25,298,"Germany","83020000"
"165","DE",2020-03-26,298,"Germany","83020000"
"166","DE",2020-03-27,523,"Germany","83020000"
"167","DE",2020-03-28,359,"Germany","83020000"
"168","DE",2020-03-29,626,"Germany","83020000"
"169","DE",2020-03-30,359,"Germany","83020000"
"170","DE",2020-03-31,195,"Germany","83020000"
"171","DE",2020-04-01,359,"Germany","83020000"
"172","DE",2020-04-02,195,"Germany","83020000"
"173","DE",2020-04-03,359,"Germany","83020000"
"174","DE",2020-04-04,195,"Germany","83020000"
"175","DE",2020-04-05,195,"Germany","83020000"
"176","DE",2020-04-06,195,"Germany","83020000"
"177","DE",2020-04-07,195,"Germany","83020000"
"178","DE",2020-04-08,195,"Germany","83020000"
"179","DE",2020-04-09,195,"Germany","83020000"
"180","DE",2020-04-29,335,"Germany","83020000"
"181","DK",2020-02-02,164,"Denmark","5806000"
"182","DK",2020-02-03,189,"Denmark","5806000"
"183","DK",2020-02-07,384,"Denmark","5806000"
"184","DK",2020-02-09,195,"Denmark","5806000"
"185","DK",2020-02-10,189,"Denmark","5806000"
"186","DK",2020-02-14,384,"Denmark","5806000"
"187","DK",2020-02-16,195,"Denmark","5806000"
"188","DK",2020-02-17,189,"Denmark","5806000"
"189","DK",2020-02-21,384,"Denmark","5806000"
"190","DK",2020-02-23,195,"Denmark","5806000"
"191","DK",2020-02-24,189,"Denmark","5806000"
"192","DK",2020-02-28,384,"Denmark","5806000"
"193","DK",2020-03-01,199,"Denmark","5806000"
"194","DK",2020-03-02,189,"Denmark","5806000"
"195","DK",2020-03-06,384,"Denmark","5806000"
"196","DK",2020-03-08,199,"Denmark","5806000"
"197","DK",2020-03-09,189,"Denmark","5806000"
"198","DK",2020-03-13,388,"Denmark","5806000"
"199","DK",2020-03-15,195,"Denmark","5806000"
"200","DK",2020-03-16,189,"Denmark","5806000"
"201","ES",2020-02-01,353,"Spain","46940000"
"202","ES",2020-02-02,353,"Spain","46940000"
"203","ES",2020-02-03,164,"Spain","46940000"
"204","ES",2020-02-04,189,"Spain","46940000"
"205","ES",2020-02-05,164,"Spain","46940000"
"206","ES",2020-02-08,353,"Spain","46940000"
"207","ES",2020-02-09,388,"Spain","46940000"
"208","ES",2020-02-10,164,"Spain","46940000"
"209","ES",2020-02-11,189,"Spain","46940000"
"210","ES",2020-02-12,164,"Spain","46940000"
"211","ES",2020-02-13,164,"Spain","46940000"
"212","ES",2020-02-14,574,"Spain","46940000"
"213","ES",2020-02-15,164,"Spain","46940000"
"214","ES",2020-02-16,517,"Spain","46940000"
"215","ES",2020-02-17,328,"Spain","46940000"
"216","ES",2020-02-18,189,"Spain","46940000"
"217","ES",2020-02-19,164,"Spain","46940000"
"218","ES",2020-02-21,388,"Spain","46940000"
"219","ES",2020-02-22,706,"Spain","46940000"
"220","ES",2020-02-23,517,"Spain","46940000"
"221","ES",2020-02-24,328,"Spain","46940000"
"222","ES",2020-02-25,517,"Spain","46940000"
"223","ES",2020-02-26,164,"Spain","46940000"
"224","ES",2020-02-27,164,"Spain","46940000"
"225","ES",2020-02-28,199,"Spain","46940000"
"226","ES",2020-02-29,517,"Spain","46940000"
"227","ES",2020-03-01,189,"Spain","46940000"
"228","ES",2020-03-03,189,"Spain","46940000"
"229","ES",2020-03-06,189,"Spain","46940000"
"230","ES",2020-03-07,189,"Spain","46940000"
"231","ES",2020-03-08,353,"Spain","46940000"
"232","ES",2020-03-10,542,"Spain","46940000"
"233","ES",2020-03-13,189,"Spain","46940000"
"234","ES",2020-03-14,189,"Spain","46940000"
"235","ES",2020-03-15,189,"Spain","46940000"
"236","ES",2020-03-17,353,"Spain","46940000"
"237","ES",2020-04-05,189,"Spain","46940000"
"238","ES",2020-04-07,189,"Spain","46940000"
"239","FR",2020-02-01,887,"France","66990000"
"240","FR",2020-02-02,1262,"France","66990000"
"241","FR",2020-02-03,1212,"France","66990000"
"242","FR",2020-02-04,1247,"France","66990000"
"243","FR",2020-02-05,1376,"France","66990000"
"244","FR",2020-02-06,1098,"France","66990000"
"245","FR",2020-02-07,1376,"France","66990000"
"246","FR",2020-02-08,904,"France","66990000"
"247","FR",2020-02-09,1098,"France","66990000"
"248","FR",2020-02-10,1376,"France","66990000"
"249","FR",2020-02-11,1411,"France","66990000"
"250","FR",2020-02-12,1118,"France","66990000"
"251","FR",2020-02-13,1250,"France","66990000"
"252","FR",2020-02-14,1316,"France","66990000"
"253","FR",2020-02-15,790,"France","66990000"
"254","FR",2020-02-16,1262,"France","66990000"
"255","FR",2020-02-17,1098,"France","66990000"
"256","FR",2020-02-18,1297,"France","66990000"
"257","FR",2020-02-19,1346,"France","66990000"
"258","FR",2020-02-20,1101,"France","66990000"
"259","FR",2020-02-21,1202,"France","66990000"
"260","FR",2020-02-22,954,"France","66990000"
"261","FR",2020-02-23,1396,"France","66990000"
"262","FR",2020-02-24,1376,"France","66990000"
"263","FR",2020-02-25,1212,"France","66990000"
"264","FR",2020-02-26,1232,"France","66990000"
"265","FR",2020-02-27,1459,"France","66990000"
"266","FR",2020-02-28,1316,"France","66990000"
"267","FR",2020-02-29,790,"France","66990000"
"268","FR",2020-03-01,1220,"France","66990000"
"269","FR",2020-03-02,984,"France","66990000"
"270","FR",2020-03-03,770,"France","66990000"
"271","FR",2020-03-04,934,"France","66990000"
"272","FR",2020-03-05,934,"France","66990000"
"273","FR",2020-03-06,954,"France","66990000"
"274","FR",2020-03-07,770,"France","66990000"
"275","FR",2020-03-08,984,"France","66990000"
"276","FR",2020-03-09,984,"France","66990000"
"277","FR",2020-03-10,820,"France","66990000"
"278","FR",2020-03-11,934,"France","66990000"
"279","FR",2020-03-12,934,"France","66990000"
"280","FR",2020-03-13,1297,"France","66990000"
"281","FR",2020-03-14,1133,"France","66990000"
"282","FR",2020-03-15,934,"France","66990000"
"283","FR",2020-03-16,984,"France","66990000"
"284","FR",2020-03-17,855,"France","66990000"
"285","FR",2020-03-18,656,"France","66990000"
"286","FR",2020-03-19,820,"France","66990000"
"287","FR",2020-03-20,606,"France","66990000"
"288","FR",2020-03-21,492,"France","66990000"
"289","FR",2020-03-22,770,"France","66990000"
"290","FR",2020-03-23,492,"France","66990000"
"291","FR",2020-03-24,328,"France","66990000"
"292","FR",2020-03-25,492,"France","66990000"
"293","FR",2020-03-26,656,"France","66990000"
"294","FR",2020-03-27,492,"France","66990000"
"295","FR",2020-03-28,492,"France","66990000"
"296","FR",2020-03-29,328,"France","66990000"
"297","FR",2020-04-01,164,"France","66990000"
"298","FR",2020-04-03,164,"France","66990000"
"299","FR",2020-04-06,164,"France","66990000"
"300","FR",2020-04-08,164,"France","66990000"
"301","FR",2020-04-10,164,"France","66990000"
"302","FR",2020-04-13,164,"France","66990000"
"303","FR",2020-04-17,164,"France","66990000"
"304","FR",2020-04-22,164,"France","66990000"
"305","FR",2020-04-27,164,"France","66990000"
"306","FR",2020-04-29,117,"France","66990000"
"307","FR",2020-05-05,117,"France","66990000"
"308","FR",2020-05-09,164,"France","66990000"
"309","FR",2020-05-12,199,"France","66990000"
"310","FR",2020-05-16,199,"France","66990000"
"311","FR",2020-05-20,199,"France","66990000"
"312","FR",2020-05-22,164,"France","66990000"
"313","FR",2020-05-24,164,"France","66990000"
"314","FR",2020-05-27,164,"France","66990000"
"315","FR",2020-05-29,117,"France","66990000"
"316","FR",2020-05-30,164,"France","66990000"
"317","FR",2020-05-31,199,"France","66990000"
"318","GB",2020-02-01,6260,"United Kingdom","66650000"
"319","GB",2020-02-02,7312,"United Kingdom","66650000"
"320","GB",2020-02-03,7528,"United Kingdom","66650000"
"321","GB",2020-02-04,6470,"United Kingdom","66650000"
"322","GB",2020-02-05,6272,"United Kingdom","66650000"
"323","GB",2020-02-06,6666,"United Kingdom","66650000"
"324","GB",2020-02-07,8244,"United Kingdom","66650000"
"325","GB",2020-02-08,5842,"United Kingdom","66650000"
"326","GB",2020-02-09,4680,"United Kingdom","66650000"
"327","GB",2020-02-10,8699,"United Kingdom","66650000"
"328","GB",2020-02-11,6953,"United Kingdom","66650000"
"329","GB",2020-02-12,7057,"United Kingdom","66650000"
"330","GB",2020-02-13,7705,"United Kingdom","66650000"
"331","GB",2020-02-14,8443,"United Kingdom","66650000"
"332","GB",2020-02-15,5335,"United Kingdom","66650000"
"333","GB",2020-02-16,5956,"United Kingdom","66650000"
"334","GB",2020-02-17,7755,"United Kingdom","66650000"
"335","GB",2020-02-18,7380,"United Kingdom","66650000"
"336","GB",2020-02-19,7222,"United Kingdom","66650000"
"337","GB",2020-02-20,7227,"United Kingdom","66650000"
"338","GB",2020-02-21,8307,"United Kingdom","66650000"
"339","GB",2020-02-22,5978,"United Kingdom","66650000"
"340","GB",2020-02-23,7042,"United Kingdom","66650000"
"341","GB",2020-02-24,8079,"United Kingdom","66650000"
"342","GB",2020-02-25,7162,"United Kingdom","66650000"
"343","GB",2020-02-26,7306,"United Kingdom","66650000"
"344","GB",2020-02-27,7381,"United Kingdom","66650000"
"345","GB",2020-02-28,7853,"United Kingdom","66650000"
"346","GB",2020-02-29,4840,"United Kingdom","66650000"
"347","GB",2020-03-01,6764,"United Kingdom","66650000"
"348","GB",2020-03-02,6468,"United Kingdom","66650000"
"349","GB",2020-03-03,6063,"United Kingdom","66650000"
"350","GB",2020-03-04,6458,"United Kingdom","66650000"
"351","GB",2020-03-05,6578,"United Kingdom","66650000"
"352","GB",2020-03-06,7019,"United Kingdom","66650000"
"353","GB",2020-03-07,5007,"United Kingdom","66650000"
"354","GB",2020-03-08,6125,"United Kingdom","66650000"
"355","GB",2020-03-09,6773,"United Kingdom","66650000"
"356","GB",2020-03-10,6333,"United Kingdom","66650000"
"357","GB",2020-03-11,6363,"United Kingdom","66650000"
"358","GB",2020-03-12,6412,"United Kingdom","66650000"
"359","GB",2020-03-13,7119,"United Kingdom","66650000"
"360","GB",2020-03-14,5694,"United Kingdom","66650000"
"361","GB",2020-03-15,6019,"United Kingdom","66650000"
"362","GB",2020-03-16,7032,"United Kingdom","66650000"
"363","GB",2020-03-17,5531,"United Kingdom","66650000"
"364","GB",2020-03-18,5344,"United Kingdom","66650000"
"365","GB",2020-03-19,4104,"United Kingdom","66650000"
"366","GB",2020-03-20,4606,"United Kingdom","66650000"
"367","GB",2020-03-21,3080,"United Kingdom","66650000"
"368","GB",2020-03-22,3832,"United Kingdom","66650000"
"369","GB",2020-03-23,3218,"United Kingdom","66650000"
"370","GB",2020-03-24,2661,"United Kingdom","66650000"
"371","GB",2020-03-25,2170,"United Kingdom","66650000"
"372","GB",2020-03-26,2152,"United Kingdom","66650000"
"373","GB",2020-03-27,2796,"United Kingdom","66650000"
"374","GB",2020-03-28,1602,"United Kingdom","66650000"
"375","GB",2020-03-29,1640,"United Kingdom","66650000"
"376","GB",2020-03-30,1091,"United Kingdom","66650000"
"377","GB",2020-03-31,763,"United Kingdom","66650000"
"378","GB",2020-04-01,732,"United Kingdom","66650000"
"379","GB",2020-04-02,568,"United Kingdom","66650000"
"380","GB",2020-04-03,1085,"United Kingdom","66650000"
"381","GB",2020-04-04,757,"United Kingdom","66650000"
"382","GB",2020-04-05,1085,"United Kingdom","66650000"
"383","GB",2020-04-06,757,"United Kingdom","66650000"
"384","GB",2020-04-07,240,"United Kingdom","66650000"
"385","GB",2020-04-08,404,"United Kingdom","66650000"
"386","GB",2020-04-09,328,"United Kingdom","66650000"
"387","GB",2020-04-10,757,"United Kingdom","66650000"
"388","GB",2020-04-11,593,"United Kingdom","66650000"
"389","GB",2020-04-12,681,"United Kingdom","66650000"
"390","GB",2020-04-13,681,"United Kingdom","66650000"
"391","GB",2020-04-14,164,"United Kingdom","66650000"
"392","GB",2020-04-15,404,"United Kingdom","66650000"
"393","GB",2020-04-16,568,"United Kingdom","66650000"
"394","GB",2020-04-17,757,"United Kingdom","66650000"
"395","GB",2020-04-18,593,"United Kingdom","66650000"
"396","GB",2020-04-19,757,"United Kingdom","66650000"
"397","GB",2020-04-20,757,"United Kingdom","66650000"
"398","GB",2020-04-21,240,"United Kingdom","66650000"
"399","GB",2020-04-22,404,"United Kingdom","66650000"
"400","GB",2020-04-23,568,"United Kingdom","66650000"
"401","GB",2020-04-24,757,"United Kingdom","66650000"
"402","GB",2020-04-25,593,"United Kingdom","66650000"
"403","GB",2020-04-26,681,"United Kingdom","66650000"
"404","GB",2020-04-27,757,"United Kingdom","66650000"
"405","GB",2020-04-28,240,"United Kingdom","66650000"
"406","GB",2020-04-29,404,"United Kingdom","66650000"
"407","GB",2020-04-30,568,"United Kingdom","66650000"
"408","GB",2020-05-01,757,"United Kingdom","66650000"
"409","GB",2020-05-02,593,"United Kingdom","66650000"
"410","GB",2020-05-03,757,"United Kingdom","66650000"
"411","GB",2020-05-04,681,"United Kingdom","66650000"
"412","GB",2020-05-05,240,"United Kingdom","66650000"
"413","GB",2020-05-06,404,"United Kingdom","66650000"
"414","GB",2020-05-07,404,"United Kingdom","66650000"
"415","GB",2020-05-08,757,"United Kingdom","66650000"
"416","GB",2020-05-09,429,"United Kingdom","66650000"
"417","GB",2020-05-10,757,"United Kingdom","66650000"
"418","GB",2020-05-11,757,"United Kingdom","66650000"
"419","GB",2020-05-12,240,"United Kingdom","66650000"
"420","GB",2020-05-13,404,"United Kingdom","66650000"
"421","GB",2020-05-14,240,"United Kingdom","66650000"
"422","GB",2020-05-15,757,"United Kingdom","66650000"
"423","GB",2020-05-16,429,"United Kingdom","66650000"
"424","GB",2020-05-17,757,"United Kingdom","66650000"
"425","GB",2020-05-18,757,"United Kingdom","66650000"
"426","GB",2020-05-19,240,"United Kingdom","66650000"
"427","GB",2020-05-20,404,"United Kingdom","66650000"
"428","GB",2020-05-21,404,"United Kingdom","66650000"
"429","GB",2020-05-22,757,"United Kingdom","66650000"
"430","GB",2020-05-23,429,"United Kingdom","66650000"
"431","GB",2020-05-24,757,"United Kingdom","66650000"
"432","GB",2020-05-25,517,"United Kingdom","66650000"
"433","GB",2020-05-26,240,"United Kingdom","66650000"
"434","GB",2020-05-27,404,"United Kingdom","66650000"
"435","GB",2020-05-28,404,"United Kingdom","66650000"
"436","GB",2020-05-29,757,"United Kingdom","66650000"
"437","GB",2020-05-30,429,"United Kingdom","66650000"
"438","GB",2020-05-31,757,"United Kingdom","66650000"
"439","HU",2020-02-02,353,"Hungary","9773000"
"440","HU",2020-02-03,164,"Hungary","9773000"
"441","HU",2020-02-06,189,"Hungary","9773000"
"442","HU",2020-02-07,164,"Hungary","9773000"
"443","HU",2020-02-09,353,"Hungary","9773000"
"444","HU",2020-02-10,164,"Hungary","9773000"
"445","HU",2020-02-13,189,"Hungary","9773000"
"446","HU",2020-02-14,164,"Hungary","9773000"
"447","HU",2020-02-16,388,"Hungary","9773000"
"448","HU",2020-02-17,164,"Hungary","9773000"
"449","HU",2020-02-20,189,"Hungary","9773000"
"450","HU",2020-02-21,164,"Hungary","9773000"
"451","HU",2020-02-23,388,"Hungary","9773000"
"452","HU",2020-02-24,164,"Hungary","9773000"
"453","HU",2020-02-26,164,"Hungary","9773000"
"454","HU",2020-02-27,189,"Hungary","9773000"
"455","HU",2020-02-28,164,"Hungary","9773000"
"456","HU",2020-03-01,164,"Hungary","9773000"
"457","HU",2020-03-02,164,"Hungary","9773000"
"458","HU",2020-03-06,164,"Hungary","9773000"
"459","HU",2020-03-08,164,"Hungary","9773000"
"460","HU",2020-03-09,164,"Hungary","9773000"
"461","HU",2020-03-11,164,"Hungary","9773000"
"462","HU",2020-03-13,164,"Hungary","9773000"
"463","HU",2020-03-15,164,"Hungary","9773000"
"464","HU",2020-03-16,164,"Hungary","9773000"
"465","HU",2020-03-18,164,"Hungary","9773000"
"466","HU",2020-03-20,164,"Hungary","9773000"
"467","HU",2020-03-22,164,"Hungary","9773000"
"468","HU",2020-03-23,164,"Hungary","9773000"
"469","HU",2020-03-27,164,"Hungary","9773000"
"470","IS",2020-02-01,234,"Iceland","364134"
"471","IS",2020-02-02,234,"Iceland","364134"
"472","IS",2020-02-03,234,"Iceland","364134"
"473","IS",2020-02-04,234,"Iceland","364134"
"474","IS",2020-02-05,234,"Iceland","364134"
"475","IS",2020-02-06,234,"Iceland","364134"
"476","IS",2020-02-07,234,"Iceland","364134"
"477","IS",2020-02-08,234,"Iceland","364134"
"478","IS",2020-02-09,234,"Iceland","364134"
"479","IS",2020-02-10,234,"Iceland","364134"
"480","IS",2020-02-11,234,"Iceland","364134"
"481","IS",2020-02-12,234,"Iceland","364134"
"482","IS",2020-02-13,234,"Iceland","364134"
"483","IS",2020-02-15,234,"Iceland","364134"
"484","IS",2020-02-16,234,"Iceland","364134"
"485","IS",2020-02-17,234,"Iceland","364134"
"486","IS",2020-02-18,234,"Iceland","364134"
"487","IS",2020-02-19,234,"Iceland","364134"
"488","IS",2020-02-20,234,"Iceland","364134"
"489","IS",2020-02-21,234,"Iceland","364134"
"490","IS",2020-02-22,234,"Iceland","364134"
"491","IS",2020-02-23,234,"Iceland","364134"
"492","IS",2020-02-24,234,"Iceland","364134"
"493","IS",2020-02-25,234,"Iceland","364134"
"494","IS",2020-02-26,234,"Iceland","364134"
"495","IS",2020-02-27,234,"Iceland","364134"
"496","IS",2020-02-28,234,"Iceland","364134"
"497","IS",2020-02-29,234,"Iceland","364134"
"498","IS",2020-03-01,234,"Iceland","364134"
"499","IS",2020-03-02,234,"Iceland","364134"
"500","IS",2020-03-03,234,"Iceland","364134"
"501","IS",2020-03-04,234,"Iceland","364134"
"502","IS",2020-03-05,234,"Iceland","364134"
"503","IS",2020-03-06,234,"Iceland","364134"
"504","IS",2020-03-07,234,"Iceland","364134"
"505","IS",2020-03-08,234,"Iceland","364134"
"506","IS",2020-03-09,234,"Iceland","364134"
"507","IS",2020-03-10,234,"Iceland","364134"
"508","IS",2020-03-11,234,"Iceland","364134"
"509","IS",2020-03-12,234,"Iceland","364134"
"510","IS",2020-03-13,234,"Iceland","364134"
"511","IS",2020-03-14,234,"Iceland","364134"
"512","IS",2020-03-15,234,"Iceland","364134"
"513","IS",2020-03-16,234,"Iceland","364134"
"514","IS",2020-03-17,234,"Iceland","364134"
"515","IT",2020-02-01,164,"Italy","60360000"
"516","IT",2020-02-02,164,"Italy","60360000"
"517","IT",2020-02-03,164,"Italy","60360000"
"518","IT",2020-02-04,164,"Italy","60360000"
"519","IT",2020-02-05,164,"Italy","60360000"
"520","IT",2020-02-06,164,"Italy","60360000"
"521","IT",2020-02-07,164,"Italy","60360000"
"522","IT",2020-02-09,164,"Italy","60360000"
"523","IT",2020-02-10,164,"Italy","60360000"
"524","IT",2020-02-12,164,"Italy","60360000"
"525","IT",2020-02-13,164,"Italy","60360000"
"526","IT",2020-02-14,199,"Italy","60360000"
"527","IT",2020-02-15,148,"Italy","60360000"
"528","IT",2020-02-16,164,"Italy","60360000"
"529","IT",2020-02-17,164,"Italy","60360000"
"530","IT",2020-02-18,164,"Italy","60360000"
"531","IT",2020-02-19,164,"Italy","60360000"
"532","IT",2020-02-20,164,"Italy","60360000"
"533","IT",2020-02-21,164,"Italy","60360000"
"534","IT",2020-02-22,164,"Italy","60360000"
"535","IT",2020-02-23,164,"Italy","60360000"
"536","IT",2020-02-24,164,"Italy","60360000"
"537","IT",2020-02-25,164,"Italy","60360000"
"538","IT",2020-02-26,164,"Italy","60360000"
"539","IT",2020-02-27,164,"Italy","60360000"
"540","IT",2020-02-28,164,"Italy","60360000"
"541","IT",2020-02-29,164,"Italy","60360000"
"542","MT",2020-02-06,189,"Malta","514564"
"543","MT",2020-02-09,189,"Malta","514564"
"544","MT",2020-02-13,189,"Malta","514564"
"545","MT",2020-02-16,189,"Malta","514564"
"546","MT",2020-02-20,189,"Malta","514564"
"547","MT",2020-02-23,189,"Malta","514564"
"548","MT",2020-02-27,189,"Malta","514564"
"549","NL",2020-02-01,1330,"Netherlands","17280000"
"550","NL",2020-02-02,1380,"Netherlands","17280000"
"551","NL",2020-02-03,1569,"Netherlands","17280000"
"552","NL",2020-02-04,1528,"Netherlands","17280000"
"553","NL",2020-02-05,1380,"Netherlands","17280000"
"554","NL",2020-02-06,1569,"Netherlands","17280000"
"555","NL",2020-02-07,1683,"Netherlands","17280000"
"556","NL",2020-02-08,1027,"Netherlands","17280000"
"557","NL",2020-02-09,1094,"Netherlands","17280000"
"558","NL",2020-02-10,1758,"Netherlands","17280000"
"559","NL",2020-02-11,1569,"Netherlands","17280000"
"560","NL",2020-02-12,1683,"Netherlands","17280000"
"561","NL",2020-02-13,1569,"Netherlands","17280000"
"562","NL",2020-02-14,1569,"Netherlands","17280000"
"563","NL",2020-02-15,1216,"Netherlands","17280000"
"564","NL",2020-02-16,1380,"Netherlands","17280000"
"565","NL",2020-02-17,1569,"Netherlands","17280000"
"566","NL",2020-02-18,1569,"Netherlands","17280000"
"567","NL",2020-02-19,1752,"Netherlands","17280000"
"568","NL",2020-02-20,1380,"Netherlands","17280000"
"569","NL",2020-02-21,1421,"Netherlands","17280000"
"570","NL",2020-02-22,1216,"Netherlands","17280000"
"571","NL",2020-02-23,1232,"Netherlands","17280000"
"572","NL",2020-02-24,1758,"Netherlands","17280000"
"573","NL",2020-02-25,1569,"Netherlands","17280000"
"574","NL",2020-02-26,1569,"Netherlands","17280000"
"575","NL",2020-02-27,1610,"Netherlands","17280000"
"576","NL",2020-02-28,1569,"Netherlands","17280000"
"577","NL",2020-02-29,863,"Netherlands","17280000"
"578","NL",2020-03-01,895,"Netherlands","17280000"
"579","NL",2020-03-02,1043,"Netherlands","17280000"
"580","NL",2020-03-03,1043,"Netherlands","17280000"
"581","NL",2020-03-04,1043,"Netherlands","17280000"
"582","NL",2020-03-05,838,"Netherlands","17280000"
"583","NL",2020-03-06,1157,"Netherlands","17280000"
"584","NL",2020-03-07,804,"Netherlands","17280000"
"585","NL",2020-03-08,895,"Netherlands","17280000"
"586","NL",2020-03-09,1043,"Netherlands","17280000"
"587","NL",2020-03-10,1043,"Netherlands","17280000"
"588","NL",2020-03-11,1157,"Netherlands","17280000"
"589","NL",2020-03-12,1043,"Netherlands","17280000"
"590","NL",2020-03-13,1043,"Netherlands","17280000"
"591","NL",2020-03-14,804,"Netherlands","17280000"
"592","NL",2020-03-15,845,"Netherlands","17280000"
"593","NL",2020-03-16,1043,"Netherlands","17280000"
"594","NL",2020-03-17,1043,"Netherlands","17280000"
"595","NL",2020-03-18,895,"Netherlands","17280000"
"596","NL",2020-03-19,542,"Netherlands","17280000"
"597","NL",2020-03-20,517,"Netherlands","17280000"
"598","NL",2020-03-21,467,"Netherlands","17280000"
"599","NL",2020-03-22,753,"Netherlands","17280000"
"600","NL",2020-03-23,706,"Netherlands","17280000"
"601","NL",2020-03-24,706,"Netherlands","17280000"
"602","NL",2020-03-25,476,"Netherlands","17280000"
"603","NL",2020-03-26,476,"Netherlands","17280000"
"604","NL",2020-03-27,517,"Netherlands","17280000"
"605","NL",2020-03-28,164,"Netherlands","17280000"
"606","NL",2020-03-29,328,"Netherlands","17280000"
"607","NL",2020-03-30,164,"Netherlands","17280000"
"608","NL",2020-03-31,164,"Netherlands","17280000"
"609","NL",2020-04-01,353,"Netherlands","17280000"
"610","NL",2020-04-02,164,"Netherlands","17280000"
"611","NL",2020-04-03,353,"Netherlands","17280000"
"612","NL",2020-04-04,353,"Netherlands","17280000"
"613","NL",2020-04-05,467,"Netherlands","17280000"
"614","NL",2020-04-06,353,"Netherlands","17280000"
"615","NL",2020-04-09,164,"Netherlands","17280000"
"616","NL",2020-04-10,353,"Netherlands","17280000"
"617","NL",2020-04-11,353,"Netherlands","17280000"
"618","NL",2020-04-12,353,"Netherlands","17280000"
"619","NL",2020-04-13,353,"Netherlands","17280000"
"620","NL",2020-04-15,114,"Netherlands","17280000"
"621","NL",2020-04-16,164,"Netherlands","17280000"
"622","NL",2020-04-17,353,"Netherlands","17280000"
"623","NL",2020-04-18,353,"Netherlands","17280000"
"624","NL",2020-04-19,353,"Netherlands","17280000"
"625","NL",2020-04-20,353,"Netherlands","17280000"
"626","NL",2020-04-23,164,"Netherlands","17280000"
"627","NL",2020-04-24,353,"Netherlands","17280000"
"628","NL",2020-04-25,353,"Netherlands","17280000"
"629","NL",2020-04-26,353,"Netherlands","17280000"
"630","NL",2020-04-27,353,"Netherlands","17280000"
"631","NL",2020-04-29,114,"Netherlands","17280000"
"632","NL",2020-04-30,252,"Netherlands","17280000"
"633","NL",2020-05-01,441,"Netherlands","17280000"
"634","NL",2020-05-02,441,"Netherlands","17280000"
"635","NL",2020-05-03,441,"Netherlands","17280000"
"636","NL",2020-05-04,441,"Netherlands","17280000"
"637","NL",2020-05-05,88,"Netherlands","17280000"
"638","NL",2020-05-06,88,"Netherlands","17280000"
"639","NL",2020-05-07,252,"Netherlands","17280000"
"640","NL",2020-05-08,441,"Netherlands","17280000"
"641","NL",2020-05-09,441,"Netherlands","17280000"
"642","NL",2020-05-10,441,"Netherlands","17280000"
"643","NL",2020-05-11,441,"Netherlands","17280000"
"644","NL",2020-05-12,88,"Netherlands","17280000"
"645","NL",2020-05-14,252,"Netherlands","17280000"
"646","NL",2020-05-15,441,"Netherlands","17280000"
"647","NL",2020-05-16,441,"Netherlands","17280000"
"648","NL",2020-05-17,501,"Netherlands","17280000"
"649","NL",2020-05-18,441,"Netherlands","17280000"
"650","NL",2020-05-20,114,"Netherlands","17280000"
"651","NL",2020-05-21,252,"Netherlands","17280000"
"652","NL",2020-05-22,353,"Netherlands","17280000"
"653","NL",2020-05-23,353,"Netherlands","17280000"
"654","NL",2020-05-24,467,"Netherlands","17280000"
"655","NL",2020-05-25,467,"Netherlands","17280000"
"656","NL",2020-05-26,88,"Netherlands","17280000"
"657","NL",2020-05-27,114,"Netherlands","17280000"
"658","NL",2020-05-28,164,"Netherlands","17280000"
"659","NL",2020-05-29,441,"Netherlands","17280000"
"660","NL",2020-05-30,353,"Netherlands","17280000"
"661","NL",2020-05-31,467,"Netherlands","17280000"
"662","NO",2020-02-04,189,"Norway","5368000"
"663","NO",2020-02-06,189,"Norway","5368000"
"664","NO",2020-02-07,189,"Norway","5368000"
"665","NO",2020-02-09,189,"Norway","5368000"
"666","NO",2020-02-10,148,"Norway","5368000"
"667","NO",2020-02-13,378,"Norway","5368000"
"668","NO",2020-02-14,189,"Norway","5368000"
"669","NO",2020-02-16,337,"Norway","5368000"
"670","NO",2020-02-17,189,"Norway","5368000"
"671","NO",2020-02-18,189,"Norway","5368000"
"672","NO",2020-02-20,378,"Norway","5368000"
"673","NO",2020-02-21,378,"Norway","5368000"
"674","NO",2020-02-23,337,"Norway","5368000"
"675","NO",2020-02-24,189,"Norway","5368000"
"676","NO",2020-02-27,378,"Norway","5368000"
"677","NO",2020-02-28,337,"Norway","5368000"
"678","NO",2020-03-01,195,"Norway","5368000"
"679","NO",2020-03-02,189,"Norway","5368000"
"680","NO",2020-03-05,378,"Norway","5368000"
"681","NO",2020-03-06,378,"Norway","5368000"
"682","NO",2020-03-08,378,"Norway","5368000"
"683","NO",2020-03-09,189,"Norway","5368000"
"684","NO",2020-03-10,189,"Norway","5368000"
"685","NO",2020-03-12,337,"Norway","5368000"
"686","NO",2020-03-13,148,"Norway","5368000"
"687","NO",2020-03-15,378,"Norway","5368000"
"688","NO",2020-03-16,189,"Norway","5368000"
"689","NO",2020-03-17,189,"Norway","5368000"
"690","NO",2020-03-19,189,"Norway","5368000"
"691","NO",2020-03-22,189,"Norway","5368000"
"692","PT",2020-02-01,134,"Portugal","10280000"
"693","PT",2020-02-02,328,"Portugal","10280000"
"694","PT",2020-02-03,328,"Portugal","10280000"
"695","PT",2020-02-04,164,"Portugal","10280000"
"696","PT",2020-02-05,328,"Portugal","10280000"
"697","PT",2020-02-06,359,"Portugal","10280000"
"698","PT",2020-02-07,328,"Portugal","10280000"
"699","PT",2020-02-08,195,"Portugal","10280000"
"700","PT",2020-02-09,359,"Portugal","10280000"
"701","PT",2020-02-10,568,"Portugal","10280000"
"702","PT",2020-02-11,164,"Portugal","10280000"
"703","PT",2020-02-12,298,"Portugal","10280000"
"704","PT",2020-02-13,523,"Portugal","10280000"
"705","PT",2020-02-14,363,"Portugal","10280000"
"706","PT",2020-02-15,328,"Portugal","10280000"
"707","PT",2020-02-16,298,"Portugal","10280000"
"708","PT",2020-02-17,492,"Portugal","10280000"
"709","PT",2020-02-18,492,"Portugal","10280000"
"710","PT",2020-02-19,328,"Portugal","10280000"
"711","PT",2020-02-20,492,"Portugal","10280000"
"712","PT",2020-02-21,492,"Portugal","10280000"
"713","PT",2020-02-22,462,"Portugal","10280000"
"714","PT",2020-02-23,333,"Portugal","10280000"
"715","PT",2020-02-24,328,"Portugal","10280000"
"716","PT",2020-02-25,462,"Portugal","10280000"
"717","PT",2020-02-26,164,"Portugal","10280000"
"718","PT",2020-02-27,359,"Portugal","10280000"
"719","PT",2020-02-28,328,"Portugal","10280000"
"720","PT",2020-02-29,523,"Portugal","10280000"
"721","PT",2020-03-01,164,"Portugal","10280000"
"722","PT",2020-03-02,164,"Portugal","10280000"
"723","PT",2020-03-03,164,"Portugal","10280000"
"724","PT",2020-03-05,164,"Portugal","10280000"
"725","PT",2020-03-06,328,"Portugal","10280000"
"726","PT",2020-03-07,164,"Portugal","10280000"
"727","PT",2020-03-09,359,"Portugal","10280000"
"728","PT",2020-03-10,164,"Portugal","10280000"
"729","PT",2020-03-11,195,"Portugal","10280000"
"730","PT",2020-03-12,134,"Portugal","10280000"
"731","PT",2020-03-13,164,"Portugal","10280000"
"732","PT",2020-03-14,164,"Portugal","10280000"
"733","PT",2020-03-15,164,"Portugal","10280000"
"734","PT",2020-03-16,164,"Portugal","10280000"
"735","PT",2020-03-17,195,"Portugal","10280000"
"736","PT",2020-03-19,134,"Portugal","10280000"
"737","PT",2020-03-20,164,"Portugal","10280000"
"738","PT",2020-03-21,195,"Portugal","10280000"
"739","PT",2020-03-23,164,"Portugal","10280000"
"740","RU",2020-02-01,164,"Russia","144500000"
"741","RU",2020-02-02,164,"Russia","144500000"
"742","RU",2020-02-03,164,"Russia","144500000"
"743","RU",2020-02-06,164,"Russia","144500000"
"744","RU",2020-02-07,164,"Russia","144500000"
"745","RU",2020-02-08,164,"Russia","144500000"
"746","RU",2020-02-09,164,"Russia","144500000"
"747","RU",2020-02-10,164,"Russia","144500000"
"748","RU",2020-02-13,164,"Russia","144500000"
"749","RU",2020-02-14,164,"Russia","144500000"
"750","RU",2020-02-15,164,"Russia","144500000"
"751","RU",2020-02-16,164,"Russia","144500000"
"752","RU",2020-02-17,164,"Russia","144500000"
"753","RU",2020-02-20,164,"Russia","144500000"
"754","RU",2020-02-21,164,"Russia","144500000"
"755","RU",2020-02-22,164,"Russia","144500000"
"756","RU",2020-02-23,164,"Russia","144500000"
"757","RU",2020-02-24,164,"Russia","144500000"
"758","RU",2020-02-27,164,"Russia","144500000"
"759","RU",2020-02-28,199,"Russia","144500000"
"760","RU",2020-02-29,164,"Russia","144500000"
"761","RU",2020-03-01,164,"Russia","144500000"
"762","RU",2020-03-02,164,"Russia","144500000"
"763","RU",2020-03-05,164,"Russia","144500000"
"764","RU",2020-03-06,164,"Russia","144500000"
"765","RU",2020-03-07,164,"Russia","144500000"
"766","RU",2020-03-08,164,"Russia","144500000"
"767","RU",2020-03-09,164,"Russia","144500000"
"768","RU",2020-03-12,164,"Russia","144500000"
"769","RU",2020-03-13,164,"Russia","144500000"
"770","RU",2020-03-14,164,"Russia","144500000"
"771","RU",2020-03-15,164,"Russia","144500000"
"772","RU",2020-03-16,164,"Russia","144500000"
"773","RU",2020-03-19,164,"Russia","144500000"
"774","RU",2020-03-20,164,"Russia","144500000"
"775","RU",2020-03-21,164,"Russia","144500000"
"776","RU",2020-03-22,164,"Russia","144500000"
"777","RU",2020-03-23,164,"Russia","144500000"
"778","RU",2020-03-26,164,"Russia","144500000"
"779","RU",2020-03-27,164,"Russia","144500000"
"780","SE",2020-02-01,189,"Sweden","10230000"
"781","SE",2020-02-02,298,"Sweden","10230000"
"782","SE",2020-02-03,195,"Sweden","10230000"
"783","SE",2020-02-04,323,"Sweden","10230000"
"784","SE",2020-02-05,134,"Sweden","10230000"
"785","SE",2020-02-06,195,"Sweden","10230000"
"786","SE",2020-02-07,195,"Sweden","10230000"
"787","SE",2020-02-09,359,"Sweden","10230000"
"788","SE",2020-02-10,195,"Sweden","10230000"
"789","SE",2020-02-11,384,"Sweden","10230000"
"790","SE",2020-02-12,164,"Sweden","10230000"
"791","SE",2020-02-13,195,"Sweden","10230000"
"792","SE",2020-02-14,195,"Sweden","10230000"
"793","SE",2020-02-15,189,"Sweden","10230000"
"794","SE",2020-02-16,343,"Sweden","10230000"
"795","SE",2020-02-18,384,"Sweden","10230000"
"796","SE",2020-02-19,195,"Sweden","10230000"
"797","SE",2020-02-20,195,"Sweden","10230000"
"798","SE",2020-02-21,164,"Sweden","10230000"
"799","SE",2020-02-22,279,"Sweden","10230000"
"800","SE",2020-02-23,390,"Sweden","10230000"
"801","SE",2020-02-24,164,"Sweden","10230000"
"802","SE",2020-02-25,384,"Sweden","10230000"
"803","SE",2020-02-26,195,"Sweden","10230000"
"804","SE",2020-02-27,195,"Sweden","10230000"
"805","SE",2020-02-28,353,"Sweden","10230000"
"806","SE",2020-02-29,279,"Sweden","10230000"
"807","SE",2020-03-01,329,"Sweden","10230000"
"808","SE",2020-03-02,384,"Sweden","10230000"
"809","SE",2020-03-03,353,"Sweden","10230000"
"810","SE",2020-03-04,195,"Sweden","10230000"
"811","SE",2020-03-05,195,"Sweden","10230000"
"812","SE",2020-03-06,384,"Sweden","10230000"
"813","SE",2020-03-07,189,"Sweden","10230000"
"814","SE",2020-03-08,359,"Sweden","10230000"
"815","SE",2020-03-09,164,"Sweden","10230000"
"816","SE",2020-03-10,384,"Sweden","10230000"
"817","SE",2020-03-11,164,"Sweden","10230000"
"818","SE",2020-03-12,195,"Sweden","10230000"
"819","SE",2020-03-13,353,"Sweden","10230000"
"820","SE",2020-03-14,279,"Sweden","10230000"
"821","SE",2020-03-15,390,"Sweden","10230000"
"822","SE",2020-03-16,384,"Sweden","10230000"
"823","SE",2020-03-17,384,"Sweden","10230000"
"824","SE",2020-03-18,195,"Sweden","10230000"
"825","SE",2020-03-19,134,"Sweden","10230000"
"826","SE",2020-03-21,189,"Sweden","10230000"
"827","SE",2020-03-22,195,"Sweden","10230000"
"828","SE",2020-03-24,384,"Sweden","10230000"
"829","SE",2020-03-26,195,"Sweden","10230000"
"830","TR",2020-02-03,524,"Turkey","8.2e+07"
"831","TR",2020-02-08,524,"Turkey","8.2e+07"
"832","TR",2020-02-09,524,"Turkey","8.2e+07"
"833","TR",2020-02-10,524,"Turkey","8.2e+07"
"834","TR",2020-02-12,524,"Turkey","8.2e+07"
"835","TR",2020-02-16,1048,"Turkey","8.2e+07"
"836","TR",2020-02-23,524,"Turkey","8.2e+07"
"837","TR",2020-02-26,524,"Turkey","8.2e+07"
"838","TR",2020-02-29,524,"Turkey","8.2e+07"
"839","TR",2020-03-01,524,"Turkey","8.2e+07"
"840","TR",2020-03-02,524,"Turkey","8.2e+07"
"841","TR",2020-03-03,524,"Turkey","8.2e+07"
"842","TR",2020-03-04,524,"Turkey","8.2e+07"
"843","TR",2020-03-05,524,"Turkey","8.2e+07"
"844","TR",2020-03-08,524,"Turkey","8.2e+07"
"845","TR",2020-03-11,524,"Turkey","8.2e+07"
"846","TR",2020-03-12,524,"Turkey","8.2e+07"
"847","TR",2020-03-15,524,"Turkey","8.2e+07"
"848","TR",2020-03-16,524,"Turkey","8.2e+07"
"849","TR",2020-03-18,524,"Turkey","8.2e+07"
"850","TR",2020-03-22,524,"Turkey","8.2e+07"
"851","TR",2020-03-24,524,"Turkey","8.2e+07"
"852","TR",2020-03-26,524,"Turkey","8.2e+07"
"853","TR",2020-03-29,524,"Turkey","8.2e+07"
"854","TR",2020-03-30,524,"Turkey","8.2e+07"
"855","TR",2020-04-02,524,"Turkey","8.2e+07"
"856","TR",2020-04-05,524,"Turkey","8.2e+07"
"857","TR",2020-04-09,524,"Turkey","8.2e+07"
"858","TR",2020-04-12,524,"Turkey","8.2e+07"
"859","TR",2020-04-16,524,"Turkey","8.2e+07"
"860","TR",2020-04-19,524,"Turkey","8.2e+07"
"861","TR",2020-04-23,524,"Turkey","8.2e+07"
"862","TR",2020-04-26,293,"Turkey","8.2e+07"
"863","TR",2020-04-30,524,"Turkey","8.2e+07"
"864","TR",2020-05-03,524,"Turkey","8.2e+07"
"865","TR",2020-05-07,524,"Turkey","8.2e+07"
"866","TR",2020-05-10,524,"Turkey","8.2e+07"
"867","TR",2020-05-15,524,"Turkey","8.2e+07"
"868","TR",2020-05-18,524,"Turkey","8.2e+07"
"869","TR",2020-05-21,524,"Turkey","8.2e+07"
"870","TR",2020-05-25,524,"Turkey","8.2e+07"
"871","TR",2020-05-28,524,"Turkey","8.2e+07"
"872","US",2020-02-01,2937,"United States","3.28e+08"
"873","US",2020-02-02,2219,"United States","3.28e+08"
"874","US",2020-02-03,2537,"United States","3.28e+08"
"875","US",2020-02-04,2537,"United States","3.28e+08"
"876","US",2020-02-05,2160,"United States","3.28e+08"
"877","US",2020-02-06,2495,"United States","3.28e+08"
"878","US",2020-02-07,2261,"United States","3.28e+08"
"879","US",2020-02-08,2937,"United States","3.28e+08"
"880","US",2020-02-09,1926,"United States","3.28e+08"
"881","US",2020-02-10,2495,"United States","3.28e+08"
"882","US",2020-02-11,2495,"United States","3.28e+08"
"883","US",2020-02-12,2118,"United States","3.28e+08"
"884","US",2020-02-13,2495,"United States","3.28e+08"
"885","US",2020-02-14,2453,"United States","3.28e+08"
"886","US",2020-02-15,1932,"United States","3.28e+08"
"887","US",2020-02-16,2495,"United States","3.28e+08"
"888","US",2020-02-17,2537,"United States","3.28e+08"
"889","US",2020-02-18,2537,"United States","3.28e+08"
"890","US",2020-02-19,1825,"United States","3.28e+08"
"891","US",2020-02-20,2495,"United States","3.28e+08"
"892","US",2020-02-21,2495,"United States","3.28e+08"
"893","US",2020-02-22,2937,"United States","3.28e+08"
"894","US",2020-02-23,2687,"United States","3.28e+08"
"895","US",2020-02-24,2436,"United States","3.28e+08"
"896","US",2020-02-25,2537,"United States","3.28e+08"
"897","US",2020-02-26,1968,"United States","3.28e+08"
"898","US",2020-02-27,2537,"United States","3.28e+08"
"899","US",2020-02-28,2202,"United States","3.28e+08"
"900","US",2020-02-29,2729,"United States","3.28e+08"
"901","US",2020-03-01,2160,"United States","3.28e+08"
"902","US",2020-03-02,2436,"United States","3.28e+08"
"903","US",2020-03-03,1968,"United States","3.28e+08"
"904","US",2020-03-04,2541,"United States","3.28e+08"
"905","US",2020-03-05,2160,"United States","3.28e+08"
"906","US",2020-03-06,1724,"United States","3.28e+08"
"907","US",2020-03-07,2101,"United States","3.28e+08"
"908","US",2020-03-08,2394,"United States","3.28e+08"
"909","US",2020-03-09,2436,"United States","3.28e+08"
"910","US",2020-03-10,2014,"United States","3.28e+08"
"911","US",2020-03-11,2160,"United States","3.28e+08"
"912","US",2020-03-12,2583,"United States","3.28e+08"
"913","US",2020-03-13,3064,"United States","3.28e+08"
"914","US",2020-03-14,3106,"United States","3.28e+08"
"915","US",2020-03-15,3357,"United States","3.28e+08"
"916","US",2020-03-16,3106,"United States","3.28e+08"
"917","US",2020-03-17,2010,"United States","3.28e+08"
"918","US",2020-03-18,1926,"United States","3.28e+08"
"919","US",2020-03-19,1340,"United States","3.28e+08"
"920","US",2020-03-20,1298,"United States","3.28e+08"
"921","US",2020-03-21,1340,"United States","3.28e+08"
"922","US",2020-03-22,670,"United States","3.28e+08"
"923","US",2020-03-23,1005,"United States","3.28e+08"
"924","US",2020-03-24,1005,"United States","3.28e+08"
"925","US",2020-03-25,963,"United States","3.28e+08"
"926","US",2020-03-26,1005,"United States","3.28e+08"
"927","US",2020-03-27,1005,"United States","3.28e+08"
"928","US",2020-03-28,1005,"United States","3.28e+08"
"929","US",2020-03-29,1005,"United States","3.28e+08"
"930","US",2020-03-30,921,"United States","3.28e+08"
"931","US",2020-03-31,670,"United States","3.28e+08"
"932","US",2020-04-01,628,"United States","3.28e+08"
"933","US",2020-04-02,628,"United States","3.28e+08"
"934","US",2020-04-03,628,"United States","3.28e+08"
"935","US",2020-04-04,1070,"United States","3.28e+08"
"936","US",2020-04-05,628,"United States","3.28e+08"
"937","US",2020-04-06,628,"United States","3.28e+08"
"938","US",2020-04-07,628,"United States","3.28e+08"
"939","US",2020-04-08,628,"United States","3.28e+08"
"940","US",2020-04-09,1005,"United States","3.28e+08"
"941","US",2020-04-10,670,"United States","3.28e+08"
"942","US",2020-04-11,1070,"United States","3.28e+08"
"943","US",2020-04-12,628,"United States","3.28e+08"
"944","US",2020-04-13,670,"United States","3.28e+08"
"945","US",2020-04-14,1121,"United States","3.28e+08"
"946","US",2020-04-15,670,"United States","3.28e+08"
"947","US",2020-04-16,628,"United States","3.28e+08"
"948","US",2020-04-17,670,"United States","3.28e+08"
"949","US",2020-04-18,1070,"United States","3.28e+08"
"950","US",2020-04-19,1048,"United States","3.28e+08"
"951","US",2020-04-20,670,"United States","3.28e+08"
"952","US",2020-04-21,1121,"United States","3.28e+08"
"953","US",2020-04-22,1090,"United States","3.28e+08"
"954","US",2020-04-23,670,"United States","3.28e+08"
"955","US",2020-04-24,1090,"United States","3.28e+08"
"956","US",2020-04-25,670,"United States","3.28e+08"
"957","US",2020-04-26,1048,"United States","3.28e+08"
"958","US",2020-04-27,670,"United States","3.28e+08"
"959","US",2020-04-28,1121,"United States","3.28e+08"
"960","US",2020-04-29,1090,"United States","3.28e+08"
"961","US",2020-04-30,670,"United States","3.28e+08"
"962","US",2020-05-01,1048,"United States","3.28e+08"
"963","US",2020-05-02,670,"United States","3.28e+08"
"964","US",2020-05-03,670,"United States","3.28e+08"
"965","US",2020-05-04,670,"United States","3.28e+08"
"966","US",2020-05-05,1121,"United States","3.28e+08"
"967","US",2020-05-06,1090,"United States","3.28e+08"
"968","US",2020-05-07,670,"United States","3.28e+08"
"969","US",2020-05-08,1048,"United States","3.28e+08"
"970","US",2020-05-09,628,"United States","3.28e+08"
"971","US",2020-05-10,670,"United States","3.28e+08"
"972","US",2020-05-11,670,"United States","3.28e+08"
"973","US",2020-05-12,1121,"United States","3.28e+08"
"974","US",2020-05-13,670,"United States","3.28e+08"
"975","US",2020-05-14,670,"United States","3.28e+08"
"976","US",2020-05-15,628,"United States","3.28e+08"
"977","US",2020-05-16,670,"United States","3.28e+08"
"978","US",2020-05-17,670,"United States","3.28e+08"
"979","US",2020-05-18,670,"United States","3.28e+08"
"980","US",2020-05-19,1121,"United States","3.28e+08"
"981","US",2020-05-20,670,"United States","3.28e+08"
"982","US",2020-05-21,670,"United States","3.28e+08"
"983","US",2020-05-22,1048,"United States","3.28e+08"
"984","US",2020-05-23,628,"United States","3.28e+08"
"985","US",2020-05-24,1090,"United States","3.28e+08"
"986","US",2020-05-25,628,"United States","3.28e+08"
"987","US",2020-05-26,1121,"United States","3.28e+08"
"988","US",2020-05-27,1090,"United States","3.28e+08"
"989","US",2020-05-28,670,"United States","3.28e+08"
"990","US",2020-05-29,1048,"United States","3.28e+08"
"991","US",2020-05-30,628,"United States","3.28e+08"
"992","US",2020-05-31,755,"United States","3.28e+08"
